Product Name,Category,Dosage Form,Price,Trademark,Brand Origin,Country,Rating
"Gel chấm mụn, mờ thâm Decumar Advance THC 20g dưỡng ẩm da, da mềm, mịn",Chăm sóc cơ thể,Gel,105000.0,DECUMAR,Việt Nam,Việt Nam,5.0
"Bọt vệ sinh nam giới Sumely Men's Sanitary Foam giúp làm sạch, khử và ngăn chặn mùi vùng kín (100ml)","Lăn khử mùi, xịt khử mùi",Dạng bọt,94800.0,NULL,Việt Nam,Việt Nam,5.0
Gội phủ bạc Healthy and lively H4 Lavox màu nâu cà phê (10 gói x 30ml),Dầu gội dầu xả,Dung dịch,28000.0,LAVOX,NULL,Việt Nam,5.0
Gội phủ bạc Healthy and lively H1 Lavox màu đen (10 gói x 30ml),Dầu gội dầu xả,Dung dịch,28000.0,LAVOX,NULL,Việt Nam,5.0
Sữa tắm giảm mụn lưng Neo Acnes tinh chất tràm trà (250ml),"Sữa tắm, xà bông",Dung dịch,179000.0,Neo Acnes,Việt Nam,Việt Nam,5.0
"Sáp dưỡng ẩm Vaseline Fobelife làm mềm da, làm dịu da, cải thiện da bị khô (50g)","Sữa dưỡng thể, kem dưỡng thể",Dạng sáp,68000.0,Fobelife,NULL,Việt Nam,5.0
"Kem thoa da Tiacortisol dưỡng ẩm, làm mềm dịu vùng da bị khô, nhờn (8g)","Dưỡng da bị khô, thiếu ẩm",Dạng kem,12000.0,Thiên Khánh,NULL,Việt Nam,5.0
Son dưỡng lành tính Omi Menturm dành cho môi nhạy cảm giúp tăng cường độ ẩm và làm mềm vùng da môi (3.6g),Son môi,Dạng sáp,99000.0,OMI,Nhật Bản,Nhật Bản,5.0
Son dưỡng ẩm bạc hà Omi Brotherhood Menturm giúp tăng cường độ ẩm và làm mềm vùng da môi (4g),Son môi,Dạng sáp,39000.0,OMI,Nhật Bản,Thái Lan,5.0
Kem bôi dưỡng ẩm To-Plan Okosama Cream giúp dưỡng ẩm và làm mềm mịn da (110g),Chăm sóc cơ thể,Dạng kem,249000.0,OMI,Nhật Bản,Nhật Bản,5.0
Kem dưỡng ẩm mềm mịn và chống nhăn da tay Reihaku Hatomugi Hand Cream (65g),"Kem dưỡng da tay, chân",Dạng kem,100000.0,HATOMUGI,Nhật Bản,Nhật Bản,NULL
"Kem chống nắng Reihaku Hatomugi Tone Up UV Milky Gel SPF50+ PA++++ nâng tone, dưỡng ẩm da (70g)",Chống nắng toàn thân,Dạng kem,179000.0,HATOMUGI,Nhật Bản,Nhật Bản,5.0
"Miếng dán mụn ngày và đêm DermaAngel hút mụn, làm lành vết thương sau mụn (18 miếng x 15g)",Chăm sóc da mặt,Miếng dán,52140.0,Derma Angel,Đài Loan,"TAIWAN, PROVINCE OF CHINA",5.0
"Kem bôi Dizigone Baby làm dịu da mẩn ngứa, hăm da cho bé (30g)",Chăm sóc cơ thể,Dạng kem,180000.0,DIZIGONE,Việt Nam,Việt Nam,5.0
"Gel Neothera Acnes làm dịu da, mờ thâm, chăm sóc phục hồi da sáng khỏe (15ml)",Chăm sóc da mặt,Nhũ tương (Gel),169000.0,NEOTHERA,NULL,Việt Nam,5.0
"Sáp dưỡng ẩm Vaseline Original Fobelife làm mềm da, làm dịu da khi bị khô rát, nứt nẻ (7g)","Dưỡng da bị khô, thiếu ẩm",Dạng sáp,35000.0,Fobelife,Việt Nam,Việt Nam,5.0
"Sáp dưỡng ẩm Vaseline Rosy Lotus Fobelife làm mềm da, làm dịu da khi bị khô rát, nứt nẻ, dưỡng môi (7g)","Dưỡng da bị khô, thiếu ẩm",Dạng sáp,35000.0,Fobelife,Việt Nam,Việt Nam,5.0
"Kem đa năng Zinc Ointment Abena bảo vệ da, khử trùng da, chống hăm, ngừa loét (15ml)",Chăm sóc cơ thể,Nhũ dịch dầu trong nước,79000.0,Ointment,Đan Mạch,Đan Mạch,5.0
Kem mụn Sulfur 10% Ointment Cospharm ngăn ngừa mụn và chăm sóc da mặt (30g),"Kem trị mụn, gel trị mụn",Dạng kem,245000.0,Crevil,Đức,Đức,5.0
"Dầu gội sạch gàu Haircare Bimex giúp sạch gàu, hết ngứa da đầu (50g)",Dầu gội trị nấm,Dung dịch,63000.0,Haircare,Việt Nam,Việt Nam,5.0
"Gel Nghệ Nano NeoCurma ngừa mụn, ngừa sẹo, mờ vết thâm (20g)","Trị sẹo, mờ vết thâm",Nhũ tương (Gel),69000.0,La Beauty,Việt Nam,Việt Nam,4.3
Gel gội và tắm cho bé Corine De Farme Hair And Body Wash dành cho mọi loại da (250ml),"Sữa tắm, xà bông",Dung dịch,185000.0,Corine De Farme,Pháp,Pháp,5.0
"Xịt PanSpray Panthenol hỗ trợ giảm đau, rát, hạn chế tổn thương, viêm nhiễm da (130g)",Trị nứt da,Dạng xịt,155000.0,Panthenol,Việt Nam,Việt Nam,NULL
"Kem bôi Dizigone Nano Bạc Terrapharm hỗ trợ kháng khuẩn, tái tạo da và ngăn ngừa sẹo (25g)","Trị sẹo, mờ vết thâm",Dạng kem,140000.0,Terrapharm,Việt Nam,Việt Nam,4.9
"Kem dưỡng chống nứt gót chân Fixderma Foot Cream cung cấp độ ẩm, làm mềm da gót chân (60g)",Trị nứt da,Dạng kem,209000.0,Fixderma,Mỹ,Ấn Độ,NULL
Gel Rosette Gommage Clear Peel tẩy tế bào chết (180g),Tẩy tế bào chết,Gel,185000.0,Rosette,Nhật Bản,Nhật Bản,5.0
Gel nhuộm tóc phủ bạc Flash Lavox G01 màu đen (150ml),Dầu gội dầu xả,Gel,124820.0,LAVOX,Việt Nam,Việt Nam,NULL
"Kem dưỡng ẩm sáng da Fixderma Face21 Face Cream giúp da trắng sáng, mịn màng (50g)",Dưỡng da mặt,Dạng kem,339000.0,Fixderma,Mỹ,Ấn Độ,5.0
"Mặt nạ ngủ môi Care:Nel Sleeping Lip Care Pomegranate hương lựu dưỡng ấm, mờ thâm môi, ngừa nứt nẻ môi (5g)",Mỹ phẩm trang điểm,Dạng sáp,45500.0,CARE:NEL,Hàn Quốc,Hàn Quốc,5.0
"Mặt nạ ngủ môi Care:Nel Berry Lip Night Mask dưỡng ẩm, ngừa thâm dành cho môi phun xăm, nhạy cảm, môi trị liệu (5g)",Mỹ phẩm trang điểm,Dạng sáp,45500.0,CARE:NEL,Hàn Quốc,Hàn Quốc,NULL
"Kem chống nắng, dưỡng ẩm và làm sáng da Reihaku Hatomugi UV Milky Gel SPF50+ PA++++ (80g)",Chống nắng toàn thân,Dạng kem,199000.0,HATOMUGI,Nhật Bản,Nhật Bản,5.0
Gel Diosmin Expert Omniven Gambe hỗ trợ phục hồi tình trạng suy giãn tĩnh mạch chân (150ml),Chăm sóc cơ thể,Dạng kem,479000.0,DuLàc,Ý,Ý,5.0
"Gel Skleer Natural Skin Restoration giảm viêm, dưỡng ẩm và phục hồi da (30ml)","Sữa dưỡng thể, kem dưỡng thể",Nhũ tương (Gel),399000.0,SKLEER,Mỹ,Nam Phi,5.0
"Gel tắm và vệ sinh phụ nữ Herbal Nano Vinapharma giúp làm sạch, kháng viêm (105ml)","Lăn khử mùi, xịt khử mùi",Nhũ tương (Gel),69000.0,VINAPHARMA,Việt Nam,Việt Nam,5.0
Kem bôi vùng khớp Stabil Aflofarm Krem (75g),Chăm sóc cơ thể,Dạng kem,197500.0,Aflofarm,Ba Lan,Ba Lan,5.0
"Kem Preggers Soothing Nipple Cream Fixderma hỗ trợ dưỡng ẩm, phục hồi, làm dịu núm vú bị khô (20g)",Chăm sóc cơ thể,Dạng kem,305000.0,Fixderma,Mỹ,Ấn Độ,NULL
"Bọt vệ sinh phụ nữ Lá Sen Natural Feminine làm sạch, dịu da, giảm thâm sạm (160ml)","Lăn khử mùi, xịt khử mùi",Dạng bọt,129000.0,Natural Feminine,Việt Nam,Việt Nam,NULL
"Bọt vệ sinh phụ nữ Natural Feminine làm sạch, thơm mát, duy trì cân bằng PH (160ml)","Lăn khử mùi, xịt khử mùi",Dạng bọt,134000.0,Natural Feminine,Việt Nam,Việt Nam,NULL
Gel nhuộm tóc phủ bạc Flash Lavox G04 màu nâu cà phê (150ml),Dầu gội dầu xả,Gel,124820.0,LAVOX,NULL,Việt Nam,NULL
"Kem dưỡng Fixderma Nigrilite Cream làm sạch tế bào da chết, mờ thâm, sáng da sẫm màu (50g)","Da sạm, xỉn màu",Dạng kem,250000.0,Fixderma,Mỹ,Ấn Độ,NULL
Khử mùi dạng xịt Etiaxil Déodorant Anti - Transpirant Protection 48h Pieds kiểm soát tuyến mồ hôi chân (100ml),"Lăn khử mùi, xịt khử mùi",Dạng xịt,229100.0,ETIAXIL,Pháp,Pháp,NULL
Mặt nạ ngủ mặt dạng gel Care:Nel Aqua Night Mask dưỡng ẩm cho da suốt 8 giờ (15ml),Dưỡng da mặt,Dạng kem,45500.0,CARE:NEL,Hàn Quốc,Hàn Quốc,5.0
Nước nhuộm phủ bạc - nâu hạt dẻ Seedbee Water Coloring Medium Brown Nbiyan (30g),Chăm sóc tóc - da đầu,Dung dịch,249000.0,NBIYAN,Hàn Quốc,Hàn Quốc,5.0
Nước nhuộm phủ bạc - nâu đen Seedbee Water Coloring Dark Brown Nbiyan (30g),Chăm sóc tóc - da đầu,Dung dịch,249000.0,NBIYAN,Hàn Quốc,Hàn Quốc,5.0
Nước nhuộm phủ bạc - đen tự nhiên Seedbee Water Coloring Natural Black (30g),Chăm sóc tóc - da đầu,Dung dịch,249000.0,NBIYAN,Hàn Quốc,Hàn Quốc,NULL
Dầu tẩy trang làm sạch sâu Softymo Deep Cleansing Oil lớp trang điểm trên bề mặt da (230ml),"Nước tẩy trang, dầu tẩy trang",Dạng dầu,134250.0,NULL,Nhật Bản,Nhật Bản,NULL
Dầu tẩy trang Softymo Speedy Cleansing Oil Kosé làm sạch nhanh lớp mascara và trang điểm trên da (230ml),"Nước tẩy trang, dầu tẩy trang",Dạng dầu,134250.0,NULL,Nhật Bản,Nhật Bản,NULL
Xịt trị mụn Fixderma Salyzap for Body Acne Body Spray làm thông thoáng lỗ chân lông (50ml),Chăm sóc da mặt,Dạng xịt,339000.0,Fixderma,Mỹ,Ấn Độ,5.0
Tinh chất ngăn chặn kép Transino Melano Signal Essence trắng sáng da (30g),Chăm sóc da mặt,Serum,1250000.0,Transino,Nhật Bản,Nhật Bản,5.0
"Kem Sebamed Extreme Dry Skin Relief Face Cream 5% dưỡng ẩm, làm dịu, phục hồi da khô, viêm da cơ địa (50ml)","Sữa dưỡng thể, kem dưỡng thể",Dạng kem,400000.0,Sebamed,Đức,Đức,NULL
"Dưỡng tóc Yanagiya Hair Tonic hương bưởi ngăn ngừa tóc gãy rụng, thưa mỏng và gàu (240ml)","Dưỡng tóc, ủ tóc",Dung dịch,219000.0,YANAGIYA,Nhật Bản,Nhật Bản,5.0
Kem dưỡng ẩm da lô hội Aloins Eaude Cream S 180g dùng cho mặt và toàn thân,"Sữa dưỡng thể, kem dưỡng thể",Dạng kem,360000.0,NULL,Nhật Bản,Nhật Bản,NULL
"Dầu dừa mát xa Bé Con Sense Plus dưỡng ẩm, giữ ấm, giảm rôm, sẩy và cứt trâu cho bé (50ml)",Dầu dừa,Dung dịch,145000.0,Sense Plus,Việt Nam,Việt Nam,5.0
"Kem chống nắng SVR Sebiaclear Creme SPF50+ dưỡng da dùng cho da hỗn hợp, da dầu và da nhạy cảm (40ml)",Kem chống nắng da mặt,Dạng kem,530000.0,SVR,Pháp,Pháp,4.6
"Kem dưỡng tái tạo Sebamed Anti-Redness Regenerating Intensive Care cho da nhạy cảm, da dễ bị đỏ (50ml)","Sữa dưỡng thể, kem dưỡng thể",Dạng kem,655000.0,Sebamed,Đức,Đức,NULL
"Lotion Fixderma Preggers Elasticity dưỡng ẩm, giảm vết rạn cho phụ nữ mang thai và sau khi sinh (100ml)","Sữa dưỡng thể, kem dưỡng thể",Dạng kem,220000.0,Fixderma,Mỹ,Ấn Độ,NULL
"Kem bôi da Thuần Mộc Thanh Mộc Hương 21g Hòa Bình dưỡng ẩm, làm mềm da, làm dịu mát da","Sữa dưỡng thể, kem dưỡng thể",Dạng kem,150000.0,Thanh Mộc Hương,Việt Nam,Việt Nam,NULL
Dung dịch Gynofar 500ml Pharmedic vệ sinh cơ quan sinh dục ngoài,Chăm sóc cơ thể,Dung dịch,22000.0,Pharmedic,Việt Nam,Việt Nam,5.0
"Nước tắm gội thảo dược Dr.Papie Starmed làm sạch, làm dịu mát da, chăm sóc và bảo vệ da bé (230ml)","Sữa tắm, xà bông",Dung dịch,121500.0,DR. PAPIE,Việt Nam,Việt Nam,5.0
"Dầu gội dược liệu Thái Dương 7 Plus Gold Sao Thái Dương sạch gàu, giảm ngứa và rụng tóc (250ml)",Dầu gội dầu xả,Dung dịch,150000.0,Sao Thái Dương,Việt Nam,Việt Nam,NULL
"Gel Actidem Derma giúp ngăn ngừa mụn, làm mờ vết thâm (18g)",Chăm sóc da mặt,Nhũ tương (Gel),138000.0,ACTIDEM,Việt Nam,Việt Nam,4.9
Kem dưỡng da La Roche-Posay Cicaplast Baume B5+ hỗ trợ làm dịu và phục hồi làn da (40ml),"Sữa dưỡng thể, kem dưỡng thể",Dạng kem,312000.0,Laroche posay,Pháp,Pháp,5.0
Sữa rửa mặt dịu nhẹ Cetaphil Gentle Skin Cleanser cung cấp độ ẩm cho da (500ml),"Sữa rửa mặt (Kem, gel, sữa)",Nhũ tương (Gel),345100.0,Cetaphil,Thụy Sĩ,Canada,5.0
Sữa rửa mặt dịu nhẹ Cetaphil Gentle Skin Cleanser cung cấp độ ẩm cho da (125ml),"Sữa rửa mặt (Kem, gel, sữa)",Nhũ tương (Gel),137700.0,Cetaphil,Canada,Canada,4.9
"Gel Hiruscar Medinova điều trị sẹo lõm, sẹo lồi do phẫu thuật (5g)","Trị sẹo, mờ vết thâm",Nhũ tương (Gel),136000.0,Medinova,Thụy Sĩ,Thái Lan,5.0
"Gel Megaduo hỗ trợ ngừa mụn trứng cá, ngừa thâm, dưỡng da (15g)","Kem trị mụn, gel trị mụn",Nhũ tương (Gel),125000.0,GAMMA,Việt Nam,Việt Nam,4.8
"Kem Vaseline Pure OPC phòng nứt môi, khô môi, nứt da bàn chân, bàn tay (10g)",Trị nứt da,Dạng kem,18000.0,Opc,NULL,Việt Nam,NULL
"Gel làm sạch da và kháng khuẩn Subạc Spaphar tái tạo da, ngăn ngừa sẹo (25g)",Viêm da cơ địa,Gel,150000.0,SPAPHAR,Ấn Độ,Việt Nam,5.0
Dầu gội chống gàu Selsun Anti-Dandruff Shampoo Rohto sạch gàu và hết ngứa da đầu (100ml),Dầu gội trị nấm,Dung dịch,81600.0,Rohto,Nhật Bản,Việt Nam,5.0
"Kem dưỡng ẩm Vaseline Pure OPC hương dâu phòng nứt môi, khô môi, nứt da bàn chân, bàn tay (10g)",Son môi,Dạng kem,22000.0,Opc,NULL,Việt Nam,5.0
Xịt dung dịch Towders Spray Ocean Pharma làm sạch các loại ký sinh trùng khỏi da (150ml),Chăm sóc cơ thể,Dạng xịt,255000.0,Quang Xanh,Việt Nam,Việt Nam,4.7
"Kem Towders Cream Quang Xanh hỗ trợ phòng ngừa muỗi, ghẻ,  chấy và giữ ẩm, mềm mịn da (15g)",Chăm sóc cơ thể,Dạng kem,83000.0,Quang Xanh,Việt Nam,Việt Nam,5.0
Dầu dừa làm đẹp Coconut Beautifying Oil da căng tóc mượt (50ml),Dầu dừa,Dung dịch,98000.0,Sense Plus,Việt Nam,Việt Nam,NULL
"Kem dưỡng ẩm Latopic Face And Body Cream làm dịu ngứa da dị ứng, kích ứng da, giảm thô ráp da (75ml)","Sữa dưỡng thể, kem dưỡng thể",Dạng kem,379000.0,LATOPIC,Ba Lan,Ba Lan,5.0
Sáp dưỡng môi Vaseline Lip Care Rosy Lips bảo vệ môi khỏi những tác động của thời tiết (7g),Son môi,Dạng sáp,78000.0,Vaseline,Hàn Quốc,Hàn Quốc,5.0
"Gel Megaduo Plus giúp ngừa mụn trứng cá, ngừa thâm, dưỡng da (15g)","Kem trị mụn, gel trị mụn",Nhũ tương (Gel),128000.0,GAMMA,Việt Nam,Việt Nam,4.9
"Dầu gội dược liệu Nguyên Xuân hương hoa sạch gàu, hết ngứa, cân bằng lượng dầu, giảm tóc gãy rụng (250ml)",Dầu gội dầu xả,Dung dịch,107000.0,Nguyên Xuân,Việt Nam,Việt Nam,5.0
"Dầu Dừa Tươi Raw Virgin Coconut Oil Coboté 50ml dưỡng ẩm da, dưỡng tóc, chăm sóc răng miệng",Chăm sóc cơ thể,Dung dịch,90000.0,NULL,Việt Nam,Việt Nam,NULL
"Dầu Massage Cho Bé Nourish & Care Baby Oil Coboté 50ml dưỡng ẩm, dịu vết công trùng cắn, giảm rôm sảy, cứt trâu",Chăm sóc cơ thể,Dung dịch,139000.0,NULL,Việt Nam,Việt Nam,NULL
"Nước súc miệng kháng khuẩn Pharmedic Orafar 250ml ngừa sâu răng, bảo vệ men răng",Chăm sóc cơ thể,Dung dịch,20000.0,Pharmedic,Việt Nam,Việt Nam,NULL
"Kem thoa Lancopharm Atopic Derma Cream 50g dùng cho người bị vảy nến, á sừng, viêm da thần kinh",Viêm da cơ địa,Kem,325000.0,LANCOPHARM,Đức,Đức,NULL
Kem vệ sinh Ziaja Intimate bổ sung Lactobionic Acid giúp ngăn ngừa tình trạng viêm nhiễm phụ khoa (200ml),Chăm sóc cơ thể,Dạng kem,230000.0,Ziaja,Ba Lan,Ba Lan,NULL
Kem dưỡng ẩm Neutrogena Hydro Boost Water Gel (50g),Dưỡng da mặt,Dạng kem,307310.0,Johnson & Johnson,Hoa Kỳ,Hàn Quốc,4.5
"Kem giảm thâm Hebe Effective Whitening Cream La Beaute hỗ trợ giảm thâm vùng nách, vùng kín (35g)","Da sạm, xỉn màu",Dạng kem,129000.0,La Beauty,Việt Nam,Việt Nam,5.0
"Kem Alvextra Skin Hydrating Cream Tanida dưỡng ẩm da tay, gót chân, giảm sạm da, vết thâm nám (50g)","Dưỡng da bị khô, thiếu ẩm",Dạng kem,68000.0,Tanida,Việt Nam,Việt Nam,5.0
Kem dưỡng ẩm Ceradan Ceramide Hydra Moisturiser dành cho da khô và nhạy cảm (30g),"Dưỡng da bị khô, thiếu ẩm",Dạng kem,170000.0,Hyphens,Singapore,Singapore,5.0
"Dầu dưỡng da Bio-Oil Specialist Skincare Oil chăm sóc da bị sẹo, vết rạn, da không đều màu (60ml)",Trị nứt da,Dạng dầu,189000.0,Bio-Oil,Nam Phi,Nam Phi,5.0
"Viên nang mềm NNO Vite Whitening Serum hỗn hợp làm trắng da, giảm kích ứng da và cải thiện tình trạng da (3 vỉ x 10 viên)","Serum, Essence hoặc Ampoule",Dạng kem,306000.0,MEGA We care,Thái Lan,Thái Lan,5.0
Sáp dưỡng môi Vaseline Lip Therapy bảo vệ môi khỏi những tác động của thời tiết (7g),Son môi,Dạng sáp,78000.0,Vaseline,Hàn Quốc,Hàn Quốc,5.0
"Kem Ceratop Body Care Cream 125ml Dr.EA dưỡng da, giữ ẩm, bảo vệ da","Sữa dưỡng thể, kem dưỡng thể",Kem,450000.0,Dr.EA,Thổ Nhĩ Kỳ,Thổ Nhĩ Kỳ,5.0
"Dầu gội Dược liệu Nguyên Xuân Vàng Hoa Linh 275ml giảm gãy rụng, tóc khô và xơ",Dầu gội dầu xả,Dung dịch,107000.0,Nguyên Xuân,Việt Nam,Việt Nam,NULL
Kem chống hăm tã Calendula Diaper Cream Cetaphil giúp chăm sóc da và làm dịu hăm tã cho bé (70g),Chăm sóc cơ thể,Kem,185610.0,Cetaphil,Canada,Pháp,5.0
Dầu gội làm sạch gàu Vichy Laboratoires Dercos Technique Anti-Dandruff Ds Dermatological (75ml),Dầu gội dầu xả,Dung dịch,128000.0,Vichy,Pháp,Tây Ban Nha,NULL
Sữa tắm Ceradan Moisturising Wash 280ml dùng cho mọi vùng da kể cả da mặt,"Sữa tắm, xà bông",Nhũ tương (Gel),272000.0,Ceradan,Singapore,Singapore,NULL
"Kem chống nắng Defender UV Serum Invisible Fluid L’Oréal SPF50+ và PA++++ giúp ngăn ngừa lão hóa, đốm nâu (50ml)",Kem chống nắng da mặt,Serum,379000.0,Loreal,Pháp,Indonesia,5.0
Kem hỗ trợ điều trị mụn Effaclar Duo+M Laroche posay giảm mụn trong vòng 8 giờ (40ml),Chăm sóc da mặt,Dạng kem,384000.0,Laroche posay,Pháp,Pháp,5.0
"Kem bôi Fuginex Cream Dizigone 25g Terrapharm giúp làm sạch, kháng khuẩn, làm dịu da",Viêm da cơ địa,Kem,140000.0,Terrapharm,Việt Nam,Việt Nam,NULL
Sữa rửa mặt và toàn thân Adaphil Gentle Skin Cleanser giúp làm sạch và dưỡng da (500ml),"Sữa rửa mặt (Kem, gel, sữa)",Dung dịch,215000.0,GAMMA,Việt Nam,Việt Nam,NULL
"Gel Actidem Derma giúp ngăn ngừa mụn, làm mờ vết thâm (40g)",Chăm sóc da mặt,Nhũ tương (Gel),209000.0,ACTIDEM,Việt Nam,Việt Nam,5.0
Kem bôi da Ceradan Advanced Moisturising Skin Barrier Cream 30g dưỡng ẩm và giúp phục hồi da khô,"Sữa dưỡng thể, kem dưỡng thể",Dạng kem,308000.0,Ceradan,Singapore,Singapore,NULL
"Xà phòng tắm Atids Salicylic Acid 2% + Sulfur làm sạch da, thích hợp cho da dầu, da mụn (80g)","Sữa tắm, xà bông",Dạng sáp,95000.0,ASAN C&S,Hàn Quốc,Hàn Quốc,NULL
Sữa chống nắng dạng xịt Banana Boat Sport Ultra Suncreen Continuos Spray SPF 100 PA++++ (170g),Chống nắng toàn thân,Dạng xịt,223200.0,Banana Boat,Hoa Kỳ,Hoa Kỳ,NULL
Gel sữa chống nắng Senka Perfect UV Gel N SPF 50+ PA++++ dành cho mặt và toàn thân (80ml),Chống nắng toàn thân,Nhũ tương (Gel),160300.0,Senka,Nhật Bản,Nhật Bản,5.0
"Nhũ tương Probiotic Emollient Latopic làm dịu da, giảm ngứa, giảm khô (250ml)","Sữa dưỡng thể, kem dưỡng thể",Nhũ tương (Gel),589000.0,LATOPIC,Ba Lan,Ba Lan,NULL
"Gel rửa mặt Avacne Cleansing Auvi giúp làm sạch và giảm nhờn, dưỡng ẩm và se khít lỗ chân lông (150g)","Sữa rửa mặt (Kem, gel, sữa)",Nhũ tương (Gel),385000.0,Auvi Nature,Úc,Úc,NULL
Dung dịch vệ sinh phụ nữ hàng ngày Provag Emulsion 150ml Biomed làm sạch cơ quan sinh dục ngoài,Chăm sóc cơ thể,Dung dịch,245000.0,NULL,Ba Lan,Ba Lan,NULL
"Gel rửa mặt ngừa mụn Canova Salipil Detergente Sifarma giúp loại bỏ bụi bẩn, tế bào chết, làm giảm và ngăn ngừa mụn (150ml)","Sữa rửa mặt (Kem, gel, sữa)",Gel,350000.0,Sifarma,Ý,Ý,NULL
Sữa rửa mặt trị mụn Acne Aid Liquid Cleanser Oil Control (100ml),"Sữa rửa mặt (Kem, gel, sữa)",Dung dịch,175000.0,Acne-Aid,Thái Lan,Thái Lan,4.6
Xịt kháng khuẩn khử mùi Dizigone 100ml Terrapharm hỗ trợ vết thương mau lành,Chăm sóc cơ thể,Dạng xịt,65000.0,Terrapharm,Việt Nam,Việt Nam,5.0
"Gel tắm gội Latopic Body and Hair Wash dành cho da dị ứng, kích ứng hỗ trợ dưỡng ẩm (400ml)","Sữa tắm, xà bông",Nhũ tương (Gel),533000.0,LATOPIC,Ba Lan,Ba Lan,NULL
"Kem phục hồi da Ceradan Ceramide Skin Barrier Repair Cream dành cho da khô, kích ứng và nhạy cảm (30g)","Dưỡng da bị khô, thiếu ẩm",Kem bôi da,245000.0,Hyphens,Singapore,Singapore,5.0
Kem dưỡng ẩm Cetaphil Moisturizing Cream hỗ trợ làm mềm và ẩm da (50g),"Sữa dưỡng thể, kem dưỡng thể",Dạng kem,230000.0,Cetaphil,Canada,Pháp,5.0
Chai xịt Zuchi Hoa Linh khử mùi hôi cơ thể (20ml),"Lăn khử mùi, xịt khử mùi",Dạng xịt,24000.0,Hoa Linh,Việt Nam,Việt Nam,5.0
"Gel Belazin hỗ trợ ngừa mụn trứng cá, ngừa thâm, dưỡng da (15g)","Kem trị mụn, gel trị mụn",Nhũ tương (Gel),125000.0,GAMMA,Việt Nam,Việt Nam,5.0
"Kem Sali-10 Perfect Foot And Hand Cream giảm nhăn da, giữ ẩm da, giảm khô da, nứt nẻ ở gót chân, ngón tay (30g)","Kem dưỡng da tay, chân",Dạng kem,50000.0,GAMMA,Việt Nam,Việt Nam,NULL
Kem A-Derma​​​​​​​ Dermalibour​​​​​​​​​​​​​​+ Repairing Cream làm dịu da dùng hằng ngày cho da kích ứng (50ml),Chăm sóc cơ thể,Dạng kem,417000.0,Aderma,Pháp,Pháp,NULL
"Sữa dưỡng ẩm Atopiclair Lotion Menarini giảm ngứa, rát, đau do viêm da cơ địa, viêm da tiếp xúc (120ml)","Dưỡng da bị khô, thiếu ẩm",Dung dịch,254000.0,Menarini,Pháp,Pháp,5.0
Dầu gội Radical Med Anti - Hair Loss Shampoo làm sạch và ngăn ngừa rụng tóc (300ml),Dầu gội dầu xả,Dung dịch,485000.0,FARMONA,Ba Lan,Việt Nam,NULL
"Kem Ceradan Ceramide Diaper Cream hỗ trợ làm dịu da, chống hăm tã cho bé (10g)",Chăm sóc cơ thể,Kem bôi da,96000.0,Hyphens,Singapore,Singapore,NULL
"Dầu xả Thái Dương 3 hương hoa suôn mềm, óng ả, tự nhiên (200ml)",Dầu gội dầu xả,Dung dịch,60000.0,Sao Thái Dương,Việt Nam,Việt Nam,NULL
Sữa tắm dưỡng ẩm Ceradan Ceramide Moisturing Wash Face And Body dành cho mặt và toàn thân (150ml),"Sữa tắm, xà bông",Nhũ tương (Gel),220000.0,Ceradan,Singapore,Singapore,NULL
"Sữa tắm, rửa mặt Clearinger Gamma làm ẩm và dịu da (150ml)","Sữa rửa mặt (Kem, gel, sữa)",Nhũ tương (Gel),178000.0,GAMMA,Việt Nam,Ấn Độ,NULL
"Gel Strataderm hỗ trợ điều trị sẹo lồi, sẹo xấu, sẹo lâu năm (5g)","Trị sẹo, mờ vết thâm",Nhũ tương (Gel),390000.0,Stratpharma,Thụy Sĩ,Pháp,4.8
"Kem phục hồi da Ceradan Ceramide Skin Barrier Repair Cream dành cho da khô, kích ứng và nhạy cảm (10g)","Dưỡng da bị khô, thiếu ẩm",Kem bôi da,114000.0,Hyphens,Singapore,Singapore,NULL
"Dung dịch tắm rôm sảy em bé Phyto BEBE Opodis Pharma kháng khuẩn, nấm (100ml)","Sữa tắm, xà bông",Dung dịch,35000.0,Opodis Pharma,Việt Nam,Việt Nam,NULL
Sữa tắm Eucerin pH5 WashLotion Preserves Skin Resilience dành cho da nhạy cảm (200ml),Chăm sóc cơ thể,Dung dịch,130350.0,Eucerin,Đức,Pháp,5.0
"Dầu gội đầu Redwin Coal Tar Fragrance Shampoo 250ml làm sạch, cân bằng độ ẩm, ngăn ngừa gàu",Dầu gội dầu xả,Dung dịch,290000.0,PHARMACARE LABORATORIES,NULL,Úc,NULL
"Kem bôi dạng gel Hiruscar Silicone Pro Medinova mờ sẹo, giảm ngứa và khó chịu liên quan đến sẹo (10g)","Trị sẹo, mờ vết thâm",Nhũ tương (Gel),209350.0,Medinova,Thụy Sĩ,Thái Lan,5.0
"Kem Dermacos Anti-Acne Matting Cream giảm nhờn, ngăn ngừa mụn (50ml)",Chăm sóc da mặt,Dạng kem,338000.0,FARMONA,Ba Lan,Ba Lan,4.6
"Kem Yoosun Acnes ngăn ngừa và làm giảm mụn, kiểm soát bã nhờn, làm mờ thâm sẹo (15g)","Kem trị mụn, gel trị mụn",Dạng kem,47000.0,Yoosun,Việt Nam,Việt Nam,4.8
"Gel Ceradan Soothing làm dịu da dành cho da ngứa, mẩn đỏ (10g)",Chăm sóc cơ thể,Kem bôi da,97000.0,Hyphens,Singapore,Singapore,NULL
Xịt dưỡng ẩm Eucerin Hyaluron Mist Spray cho da nhạy cảm (150ml),Xịt khoáng,Dung dịch,259000.0,Eucerin,Đức,Pháp,NULL
"Kem bôi Bestpere Cream Quang Xanh điều trị ghẻ, rận, mẩn ngứa (15g)",Da bị kích ứng,Dạng kem,77000.0,Quang Xanh,Việt Nam,Việt Nam,NULL
"Nhũ tương mượt da toàn thân 1% Urê Ziaja dưỡng ẩm, bảo vệ da, làm dịu tổn thương da (400ml)","Sữa dưỡng thể, kem dưỡng thể",Nhũ tương (Gel),455000.0,Ziaja,Ba Lan,Ba Lan,5.0
"Dung dịch bôi ngoài da Castelani DL 17ml Quablue Pharma hỗ trợ phòng ngừa viêm da do bỏng da, lở loét",Chăm sóc cơ thể,Dung dịch,22000.0,Quang Xanh,Việt Nam,Việt Nam,NULL
Dung dịch vệ sinh Saforelle Miss 250ml dành cho bé gái,Chăm sóc cơ thể,Gel,320000.0,Saforelle,Pháp,Pháp,5.0
Kem Sensylia 24h Légère IsisPharma giúp giữ ẩm và làm giảm kích ứng da (40ml),Dưỡng da mặt,Dạng kem,490000.0,ISIS PHARMA,Pháp,Pháp,5.0
"Kem Canova Sensive P22 Sifarma làm dịu da, dưỡng ẩm cho da nhạy cảm (50ml)",Dưỡng da mặt,Kem bôi da,490000.0,Sifarma,NULL,Ý,NULL
Sữa tắm dưỡng ẩm cho da khô Ato Wash MTGpharm 150ml Cocorang Palm (tuýp),"Sữa tắm, xà bông",Dung dịch,231000.0,COCORANG PALM,Hàn Quốc,Hàn Quốc,NULL
Xịt chống nắng thể thao Banana Boat Sport Sensitive Sunscreen Spray SPF50+ PA++++ (170g),Chống nắng toàn thân,Dạng xịt,252000.0,Banana Boat,Hoa Kỳ,Hoa Kỳ,5.0
Xịt chống nắng trẻ em Banana Boat Kids Sensitive Sunscreen Spray SPF50+ PA++++ dành cho toàn thân (170g),Chống nắng toàn thân,Dạng xịt,228000.0,Banana Boat,Hoa Kỳ,Hoa Kỳ,5.0
Gel rửa mặt Eucerin Ance Oil Control Pro Acne Solution Cleansing Gel dành cho da mụn (75ml),"Sữa rửa mặt (Kem, gel, sữa)",Nhũ tương (Gel),209000.0,Eucerin,Đức,Thái Lan,NULL
"Kem Secalia Balm IsisPharma giúp dưỡng da, tăng cường độ ẩm, chống khô da (200ml)","Sữa dưỡng thể, kem dưỡng thể",Dạng kem,515000.0,ISIS PHARMA,Pháp,Pháp,NULL
"Sữa tắm Dr.EA Body Zolic Body Cleansing Milk 150ml làm sạch sâu cho da, hỗ trợ điều trị viêm da","Sữa tắm, xà bông",Gel,220000.0,Dr.EA,Thổ Nhĩ Kỳ,Thổ Nhĩ Kỳ,NULL
Dầu gội Azasun Gamma giúp sạch gàu cho da đầu hết ngứa (120ml),Dầu gội dầu xả,Dung dịch,89000.0,GAMMA,Việt Nam,Việt Nam,NULL
"Kem 18+ Active Manuka Honey And Propolis Skin Health Crème dưỡng ẩm, giảm kích ứng da, viêm da (40ml)","Trị sẹo, mờ vết thâm",Dạng kem,620000.0,Pure NZ,New Zealand,New Zealand,5.0
"Sữa tắm Cetaphil Pro AD Derma Skin Restoring Wash dành cho da khô, da cơ địa (295ml)","Sữa tắm, xà bông",Dung dịch,440000.0,Cetaphil,Canada,Canada,NULL
Kem dưỡng ẩm Gammaphil Moisturizing Cream dành cho mọi loại da (50g),Dưỡng da mặt,Dạng kem,120000.0,GAMMA,Việt Nam,Việt Nam,NULL
"Cao Starbalm Sports Balm White làm ấm cơ, giúp cơ thư giãn sau khi vận động (25g)",Massage,Cao,80000.0,Starbalm,Hà Lan,Hà Lan,NULL
"Serum Auvilys C Vitamin C 30ml Auvi Nature dùng ban ngày, dưỡng da, tăng cường độ ẩm, sáng da",Dưỡng da mặt,Serum,1050000.0,Auvi Nature,Úc,Úc,NULL
"Gel Clear Face Anti-Pimple Sebamed pH 5.5 giúp làm giảm mụn,ngăn ngừa mụn, dưỡng ẩm (10ml)",Dưỡng da mặt,Gel,188000.0,Sebamed,Đức,Đức,NULL
"Kem ngừa mụn ban ngày Canova Acnell 50+ giúp chăm sóc và dưỡng ẩm cho da bị mụn, da kích ứng và da nhạy cảm (50ml)",Chăm sóc da mặt,Kem bôi da,545000.0,Sifarma,Ý,Ý,NULL
"Sữa dưỡng ẩm toàn thân cho bé Baby Sebamed Body Lotion ph 5.5 giúp da không bị khô ráp, dưỡng ẩm toàn thân (200ml)","Sữa dưỡng thể, kem dưỡng thể",Lotion bôi da,279000.0,Sebamed,Đức,Đức,NULL
"Dầu gội Canova Rivescal DS Soothing Shampoo Biomedico làm dịu da, ngăn ngừa tiết bã nhờn (200ml)",Chăm sóc cơ thể,Dung dịch,535000.0,Sifarma,Ý,Ý,NULL
"Gel Neotone IsisPharma làm sạch da êm dịu, giúp da trắng sáng (40ml)","Sữa rửa mặt (Kem, gel, sữa)",Gel,169000.0,ISIS PHARMA,Pháp,Pháp,NULL
"Dung dịch vệ sinh phụ nữ Intimate Wash Foam Sebamed giúp làm sạch dịu nhẹ đa vùng kín, giúp ngăn mùi hôi (200ml)",Chăm sóc cơ thể,Dung dịch,310000.0,Sebamed,NULL,Đức,NULL
Kem mờ nám Canova 8+2 Sifarma điều trị tăng sắc tố da (50ml),Giải pháp làn da,Dạng kem,750000.0,Sifarma,Ý,Ý,NULL
"Dầu gội Hanko Shampoo giúp loại bỏ gàu, nấm, ngứa (100ml)",Dầu gội dầu xả,Dung dịch,220000.0,ASAN C&S,Hàn Quốc,Hàn Quốc,NULL
"Gel rửa mặt K3 Aosacleanser Purifying giúp giảm nhờn, mụn, làm sạch da một cách dịu nhẹ (200ml)","Sữa rửa mặt (Kem, gel, sữa)",Nhũ tương (Gel),320000.0,K3,Ý,Ý,NULL
Kem mờ sẹo C-Section Scars & Stretch Marks Dr. Celine (15g),"Trị sẹo, mờ vết thâm",Dạng kem,190000.0,Healthcare,Việt Nam,Việt Nam,NULL
"Kem dưỡng da mặt Eucerin AtoControl Face Cream giảm khô, ngứa và mẩn đỏ (50ml)","Dưỡng da bị khô, thiếu ẩm",Dạng kem,295000.0,Eucerin,Đức,Pháp,NULL
Dầu gội cho da đầu nhạy cảm Eucerin Dermo Capillaire pH5 Mild Shampoo ngăn ngừa khô da đầu (250ml),Chăm sóc tóc - da đầu,Dung dịch,275000.0,Eucerin,Đức,Pháp,NULL
"Sữa tắm không cần dùng nước NoRinse Body Bath thay thế cách tắm thông thường (236,6ml)","Sữa tắm, xà bông",Dung dịch,157000.0,NULL,Hoa Kỳ,Hoa Kỳ,NULL
"Nước cân bằng Eucerin DermatoClean Clarifying Toner giữ ẩm, dịu nhẹ cho da (200ml)",Chăm sóc da mặt,Dung dịch,603000.0,Eucerin,Đức,Pháp,NULL
Sữa chống rạn da Happy Event Anti-Stretch Mark Lotion giúp dưỡng ẩm tự nhiên (100ml),Trị nứt da,Dung dịch,145000.0,Rohto,Nhật Bản,Việt Nam,5.0
Sữa tắm gội Eucerin Baby Wash & Shampoo làm sạch dịu nhẹ mái tóc và làn da của bé (400ml),"Sữa tắm, xà bông",Dung dịch,280000.0,Eucerin,Đức,Pháp,NULL
"Lăn chăm sóc thâm quầng mất Emco UltraCream giảm vết nhăn nơi đuôi mắt, dưỡng da vùng mắt (15g)","Trị quầng thâm, bọng mắt",Dạng kem,140000.0,Thiên Khánh,Việt Nam,Việt Nam,NULL
Nước tẩy trang Eucerin DermatoClean Micellar 3 IN 1 dành cho mọi loại da (200ml),"Nước tẩy trang, dầu tẩy trang",Dung dịch,339000.0,Eucerin,Đức,Đức,NULL
"Gel Kelo-Cote Alliance hỗ trợ làm mờ sẹo, giảm vết thâm (6g)","Trị sẹo, mờ vết thâm",Nhũ tương (Gel),439000.0,Alliance,Ý,Hoa Kỳ,3.0
Sữa rửa mặt dịu nhẹ Eucerin Ultra White+ Spotless Gentle Cleansing Foam dành cho mọi loại da (150g),"Sữa rửa mặt (Kem, gel, sữa)",Dạng kem,519000.0,Eucerin,Đức,Ba Lan,NULL
Sữa rửa mặt dạng gel giúp làm sạch sâu và giảm bã nhờn trên da Vichy Normaderm Phytosolution Intensive Purifying Gel (200ml),"Sữa rửa mặt (Kem, gel, sữa)",Gel,384000.0,Vichy,Pháp,Pháp,NULL
"Kem dưỡng sáng da ban đêm Eucerin Even Skin Spotless Brightening Night giảm vết thâm nám, đốm nâu (50ml)","Kem trị nám, tàn nhang, đốm nâu",Dạng kem,929000.0,Eucerin,Đức,Ba Lan,NULL
